hiring_unit_id,subfield_most_frequent_two_digit,year,never_returned,JTTP_authid,reneger_treatment_2digit
0,_16,2016,1.0,1,1
2,_21,2012,0.0,1,0
5,_20,2017,0.0,1,0
6,_19,2013,0.0,1,0
6,_25,2013,1.0,1,1
7,_19,2017,0.0,1,0
8,_25,2012,1.0,1,1
12,_31,2012,1.0,1,1
15,_16,2013,0.0,1,0
16,_10,2012,0.0,1,0
17,_13,2012,1.0,1,1
19,_15,2011,0.0,2,0
20,_22,2012,1.0,1,1
21,_31,2017,0.0,1,0
60000126,_19,2012,0.0,1,0
60000174,_11,2016,0.0,1,0
60000174,_13,2016,0.0,1,0
60000174,_26,2015,0.0,1,0
60000174,_31,2016,0.0,1,0
60000937,_11,2015,0.0,1,0
60000937,_13,2016,0.0,1,0
60000937,_22,2015,0.0,1,0
60000937,_24,2015,0.0,1,0
60000937,_25,2015,0.0,1,0
60000937,_27,2016,0.0,1,0
60000937,_31,2015,0.5,2,0
60001255,_16,2012,0.0,2,0
60001255,_22,2013,0.0,1,0
60001255,_25,2013,0.0,1,0
60001298,_13,2017,0.0,2,0
60001298,_16,2012,0.0,1,0
60001298,_17,2012,0.0,1,0
60001298,_19,2017,0.0,1,0
60001298,_27,2016,0.0,1,0
60001429,_21,2017,0.0,1,0
60001666,_19,2015,0.0,1,0
60002033,_13,2012,1.0,1,1
60002222,_31,2017,0.0,1,0
60002246,_10,2011,0.0,1,0
60002246,_13,2017,0.0,2,0
60002246,_16,2013,0.0,3,0
60002246,_25,2015,0.0,1,0
60002299,_24,2017,0.0,1,0
60002593,_13,2015,0.0,2,0
60002593,_27,2013,0.0,1,0
60002593,_28,2016,0.0,1,0
60002593,_30,2017,0.0,1,0
60002836,_16,2011,0.0,1,0
60003078,_11,2015,0.0,1,0
60003146,_16,2016,0.0,1,0
60003353,_22,2017,0.5,2,0
60003353,_31,2015,0.0,1,0
60003707,_15,2017,0.0,1,0
60003707,_26,2011,0.0,2,0
60003970,_10,2012,0.5,2,0
60003970,_11,2012,1.0,1,1
60003970,_13,2012,0.0,3,0
60003970,_15,2013,0.0,1,0
60003970,_16,2011,0.0,2,0
60003970,_17,2012,0.0,1,0
60003970,_19,2011,0.0,1,0
60003970,_21,2016,0.0,1,0
60003970,_22,2011,0.0,2,0
60003970,_23,2016,0.0,2,0
60003970,_24,2012,0.0,1,0
60003970,_25,2011,0.0,1,0
60003970,_26,2011,0.0,1,0
60003970,_27,2011,0.0,1,0
60003970,_28,2015,0.0,2,0
60003970,_30,2013,0.0,1,0
60003970,_31,2012,0.0,4,0
60003970,_33,2013,1.0,1,1
60003977,_10,2017,0.0,1,0
60003977,_16,2015,0.0,1,0
60003977,_17,2013,0.0,1,0
60003977,_22,2011,0.0,1,0
60003977,_25,2015,0.0,1,0
60003977,_31,2015,0.0,1,0
60004246,_22,2011,0.0,1,0
60004538,_15,2012,0.0,1,0
60004538,_16,2017,0.0,4,0
60004538,_22,2012,0.5,2,0
60004538,_23,2016,1.0,1,1
60004538,_25,2013,0.0,1,0
60004538,_31,2011,0.0,1,0
60004630,_10,2016,0.0,1,0
60004630,_11,2015,0.0,1,0
60004630,_23,2017,0.0,1,0
60004630,_27,2017,0.0,1,0
60005027,_16,2013,0.0,1,0
60005229,_13,2013,0.0,1,0
60005229,_27,2017,0.0,1,0
60005244,_13,2013,0.0,1,0
60005244,_15,2017,0.0,1,0
60005244,_16,2013,0.0,2,0
60005244,_17,2016,1.0,1,1
60005244,_19,2016,0.0,1,0
60005244,_22,2012,0.25,4,0
60005244,_23,2017,1.0,1,1
60005244,_25,2016,0.0,1,0
60005244,_27,2015,0.0,2,0
60005244,_28,2015,0.0,2,0
60005244,_31,2017,0.5,2,0
60005244,_33,2015,0.0,1,0
60005465,_16,2017,0.25,4,0
60005465,_17,2013,0.5,2,0
60005465,_18,2015,0.0,1,0
60005465,_22,2011,0.0,5,0
60005465,_25,2013,0.0,1,0
60005465,_26,2017,0.0,1,0
60005465,_27,2015,0.0,1,0
60005465,_28,2015,0.5,2,0
60005465,_31,2012,0.0,1,0
60005500,_10,2017,0.0,1,0
60005500,_13,2016,0.0,1,0
60005500,_16,2017,0.0,1,0
60005500,_22,2017,0.0,1,0
60005500,_25,2017,0.0,1,0
60005816,_11,2013,0.0,1,0
60005816,_16,2013,0.0,1,0
60005816,_26,2016,0.0,1,0
60005816,_31,2011,0.0,1,0
60005816,_32,2015,0.0,1,0
60006019,_10,2017,0.0,1,0
60006019,_19,2011,0.0,1,0
60006019,_27,2017,0.0,1,0
60006019,_33,2012,0.0,1,0
60006106,_10,2015,1.0,1,1
60006106,_13,2016,0.0,1,0
60006106,_16,2012,0.0,1,0
60006354,_10,2012,1.0,1,1
60006354,_11,2017,0.0,1,0
60006354,_13,2013,0.0,1,0
60006354,_25,2011,0.0,1,0
60006354,_26,2015,0.0,1,0
60006354,_27,2011,0.0,1,0
60006354,_31,2013,0.0,1,0
60006588,_31,2015,0.0,1,0
60006782,_16,2013,0.0,1,0
60006935,_16,2016,0.0,1,0
60007029,_11,2012,0.0,1,0
60007029,_12,2012,1.0,1,1
60007029,_13,2013,0.0,2,0
60007029,_16,2012,0.0,1,0
60007029,_25,2011,0.0,1,0
60007155,_16,2016,0.0,1,0
60007155,_17,2013,0.0,1,0
60007155,_19,2017,0.0,1,0
60007155,_22,2012,1.0,1,1
60007155,_31,2013,0.0,2,0
60007171,_10,2012,0.0,1,0
60007171,_19,2011,0.0,1,0
60007324,_10,2012,0.0,1,0
60007324,_11,2013,0.0,4,0
60007324,_13,2012,0.0,5,0
60007324,_15,2012,0.0,1,0
60007324,_16,2013,0.0,1,0
60007324,_19,2013,0.0,3,0
60007324,_22,2015,0.0,1,0
60007324,_24,2011,0.0,2,0
60007324,_25,2012,0.0,1,0
60007324,_26,2015,0.0,1,0
60007324,_28,2012,0.0,1,0
60007324,_31,2015,0.5,2,0
60007333,_23,2017,1.0,1,1
60007381,_16,2017,0.0,1,0
60007381,_25,2016,0.0,1,0
60007711,_13,2015,0.0,1,0
60007711,_16,2011,1.0,1,1
60007711,_22,2013,0.0,1,0
60007711,_24,2013,0.0,1,0
60007711,_25,2015,0.0,1,0
60007711,_26,2017,0.0,1,0
60007711,_27,2017,0.0,1,0
60008073,_30,2017,1.0,1,1
60008073,_35,2013,1.0,1,1
60008332,_13,2017,0.0,2,0
60008332,_16,2017,0.0,1,0
60008332,_25,2017,0.0,1,0
60008576,_31,2017,0.0,1,0
60008691,_22,2011,0.0,1,0
60008691,_31,2016,0.0,1,0
60008872,_13,2017,0.0,1,0
60008872,_27,2017,0.0,1,0
60009400,_22,2012,0.0,1,0
60009409,_19,2016,0.0,1,0
60009409,_23,2016,1.0,1,1
60009509,_11,2015,0.0,1,0
60009509,_16,2015,0.0,1,0
60009509,_27,2017,1.0,1,1
60009860,_10,2012,0.0,1,0
60009860,_11,2012,0.0,1,0
60009860,_13,2011,0.0,1,0
60009860,_16,2012,0.0,2,0
60009860,_17,2017,0.0,4,0
60009860,_18,2017,0.0,1,0
60009860,_19,2016,0.0,1,0
60009860,_22,2011,0.0,1,0
60009860,_23,2011,0.0,1,0
60009860,_24,2015,0.0,1,0
60009860,_25,2012,0.5,2,0
60009860,_26,2013,0.0,1,0
60009860,_27,2011,0.0,2,0
60009860,_28,2012,0.0,1,0
60009860,_30,2015,0.0,1,0
60009860,_31,2011,0.0,1,0
60009860,_33,2017,0.0,1,0
60009860,_35,2017,0.0,1,0
60009884,_27,2013,0.0,1,0
60010080,_13,2013,0.0,1,0
60010080,_17,2017,0.5,2,0
60010080,_22,2017,0.0,2,0
60010080,_23,2017,0.0,1,0
60010080,_25,2016,0.0,1,0
60010080,_31,2011,0.0,1,0
60010421,_17,2017,0.0,1,0
60010421,_19,2017,0.0,1,0
60010421,_22,2012,0.0,1,0
60010421,_25,2017,0.0,1,0
60010421,_30,2011,0.0,1,0
60010421,_31,2015,0.0,2,0
60010432,_13,2012,0.0,2,0
60010432,_15,2016,0.0,2,0
60010432,_16,2012,0.0,1,0
60010432,_17,2013,0.0,1,0
60010432,_19,2016,0.0,1,0
60010432,_22,2013,0.0,1,0
60010432,_25,2011,0.0,2,0
60010432,_27,2013,0.0,1,0
60010432,_28,2013,0.0,1,0
60010432,_31,2011,0.0,1,0
60010591,_13,2017,0.0,1,0
60010591,_16,2015,1.0,1,1
60010591,_17,2015,0.0,1,0
60010591,_25,2017,0.0,1,0
60010591,_31,2012,0.0,1,0
60010689,_16,2016,0.0,1,0
60010689,_21,2017,0.0,1,0
60010689,_23,2015,0.0,2,0
60010851,_17,2015,0.0,1,0
60010851,_19,2017,0.0,2,0
60010851,_22,2012,0.0,1,0
60010851,_23,2012,1.0,1,1
60010851,_27,2013,0.0,1,0
60010896,_15,2013,0.0,1,0
60010896,_22,2012,0.0,2,0
60010953,_16,2013,0.0,1,0
60010953,_25,2016,0.0,1,0
60011040,_22,2016,0.0,1,0
60011069,_13,2017,0.0,1,0
60011069,_16,2013,0.5,2,0
60011069,_17,2015,0.0,1,0
60011069,_22,2017,0.0,1,0
60011069,_23,2013,1.0,1,1
60011069,_25,2015,0.0,1,0
60011549,_11,2016,0.0,1,0
60011549,_15,2016,0.0,1,0
60011549,_16,2016,0.0,1,0
60011549,_25,2013,0.0,1,0
60011715,_24,2015,0.0,1,0
60012223,_16,2016,0.0,1,0
60012223,_22,2015,0.0,1,0
60012627,_21,2012,0.0,1,0
60012820,_15,2017,0.0,1,0
60012820,_16,2017,0.0,1,0
60012820,_19,2015,0.0,1,0
60012820,_25,2012,0.0,1,0
60012820,_31,2012,0.0,2,0
60012879,_23,2017,0.0,1,0
60013156,_10,2017,0.0,1,0
60013156,_13,2015,1.0,1,1
60013156,_24,2015,0.0,1,0
60013268,_19,2015,0.0,1,0
60013551,_11,2012,0.0,1,0
60013551,_13,2012,0.0,1,0
60013551,_14,2016,0.0,1,0
60013551,_21,2016,0.0,1,0
60013551,_22,2013,0.0,1,0
60013551,_23,2015,0.0,1,0
60013551,_24,2013,0.0,1,0
60013614,_31,2017,0.0,1,0
60013625,_10,2015,0.0,1,0
60013625,_13,2011,0.0,2,0
60013625,_19,2011,0.0,1,0
60013625,_23,2012,0.0,1,0
60013625,_24,2011,0.0,1,0
60013625,_25,2011,0.0,1,0
60013625,_28,2013,0.0,1,0
60013625,_30,2013,0.0,1,0
60013789,_16,2013,0.0,1,0
60013789,_17,2013,0.0,2,0
60013789,_19,2013,0.0,1,0
60013789,_22,2012,1.0,1,1
60013789,_25,2011,0.0,1,0
60013789,_26,2013,0.0,1,0
60013789,_27,2013,0.0,1,0
60013789,_31,2013,0.5,2,0
60014070,_13,2017,0.0,1,0
60014070,_27,2017,0.0,1,0
60014157,_19,2013,0.0,3,0
60014205,_19,2012,0.0,1,0
60014205,_25,2013,0.0,1,0
60014205,_31,2012,0.0,1,0
60014277,_11,2012,0.0,1,0
60014277,_13,2013,0.0,1,0
60014402,_16,2011,0.0,1,0
60014402,_23,2015,1.0,1,1
60014402,_31,2012,1.0,1,1
60014466,_16,2015,0.0,1,0
60014466,_19,2016,0.0,1,0
60014466,_23,2015,0.0,1,0
60014466,_31,2015,0.0,1,0
60014643,_10,2016,0.0,1,0
60014643,_16,2015,0.0,1,0
60014773,_11,2013,1.0,1,1
60014773,_16,2013,0.0,1,0
60014773,_19,2012,0.0,1,0
60014773,_22,2017,0.0,1,0
60014773,_23,2011,0.0,1,0
60014966,_10,2012,0.0,1,0
60014966,_11,2015,0.0,2,0
60014966,_13,2011,0.0,3,0
60014966,_14,2017,0.0,1,0
60014966,_15,2012,1.0,1,1
60014966,_16,2011,0.0,2,0
60014966,_17,2012,0.0,1,0
60014966,_19,2011,0.0,2,0
60014966,_21,2013,0.0,1,0
60014966,_22,2012,0.5,2,0
60014966,_23,2015,0.0,1,0
60014966,_24,2017,0.0,1,0
60014966,_25,2011,0.0,1,0
60014966,_26,2011,0.0,1,0
60014966,_27,2012,0.5,2,0
60014966,_28,2012,0.0,1,0
60014966,_30,2015,0.0,1,0
60014966,_31,2011,0.0,4,0
60014966,_33,2016,0.0,1,0
60015487,_11,2017,0.0,1,0
60015742,_11,2013,0.0,1,0
60015742,_13,2011,0.0,1,0
60015742,_15,2013,0.0,1,0
60015742,_16,2011,0.0,1,0
60015742,_19,2013,0.5,2,0
60015742,_22,2017,0.0,1,0
60015742,_25,2013,0.0,1,0
60015742,_27,2017,0.0,1,0
60015742,_31,2015,1.0,1,1
60016087,_15,2017,0.0,1,0
60016087,_16,2011,0.0,1,0
60016087,_19,2017,0.0,1,0
60016211,_19,2012,0.0,1,0
60016211,_23,2015,0.0,1,0
60016358,_10,2017,0.0,1,0
60016521,_10,2012,1.0,1,1
60016521,_11,2012,0.0,1,0
60016521,_13,2012,1.0,1,1
60016521,_16,2011,0.0,2,0
60016521,_17,2013,1.0,1,1
60016521,_19,2012,0.0,1,0
60016521,_24,2015,0.0,1,0
60016521,_25,2012,0.0,1,0
60016521,_26,2016,0.0,1,0
60016521,_27,2013,0.0,1,0
60016521,_29,2012,0.0,1,0
60016521,_31,2015,0.5,2,0
60016521,_35,2012,1.0,1,1
60016835,_16,2012,0.0,1,0
60016835,_17,2017,0.0,2,0
60016835,_22,2011,1.0,1,1
60016835,_25,2016,0.0,1,0
60016835,_26,2017,0.0,1,0
60016835,_31,2015,0.0,1,0
60017060,_13,2015,0.0,1,0
60017060,_16,2013,0.0,2,0
60017060,_17,2017,1.0,1,1
60017060,_19,2017,0.0,1,0
60017060,_21,2017,0.5,2,0
60017060,_22,2011,0.0,1,0
60017060,_23,2017,1.0,1,1
60017060,_25,2012,0.0,1,0
60017060,_27,2015,0.0,1,0
60017060,_28,2012,0.0,1,0
60017060,_31,2011,0.0,1,0
60017179,_17,2013,0.0,1,0
60017456,_11,2016,0.0,1,0
60017456,_13,2015,1.0,1,1
60017456,_19,2017,0.0,3,0
60017456,_23,2016,0.0,1,0
60017456,_27,2016,0.5,2,0
60017456,_31,2015,0.0,1,0
60017482,_25,2011,0.0,1,0
60017483,_11,2017,0.0,1,0
60017483,_13,2016,0.0,1,0
60017483,_15,2017,0.0,1,0
60017483,_19,2017,0.0,1,0
60017605,_16,2013,0.0,2,0
60017605,_17,2017,1.0,1,1
60017605,_22,2015,0.0,1,0
60017605,_25,2017,0.0,1,0
60017605,_27,2017,0.0,1,0
60017605,_31,2017,0.0,1,0
60017622,_11,2013,0.0,1,0
60017622,_13,2012,0.0,1,0
60017622,_31,2013,0.0,1,0
60017705,_13,2015,0.0,1,0
60017705,_16,2016,0.0,1,0
60018038,_13,2013,0.0,1,0
60018038,_16,2012,0.0,1,0
60018038,_17,2017,0.0,1,0
60018038,_23,2012,1.0,1,1
60018038,_25,2015,0.0,1,0
60018038,_26,2013,0.0,1,0
60018038,_31,2016,0.0,2,0
60018205,_10,2017,0.5,2,0
60018205,_11,2012,0.5,2,0
60018205,_12,2016,1.0,1,1
60018205,_13,2011,0.0,1,0
60018205,_16,2012,0.0,1,0
60018205,_19,2017,0.2,5,0
60018205,_22,2011,1.0,1,1
60018205,_24,2013,0.0,1,0
60018205,_25,2015,0.0,1,0
60018205,_26,2013,1.0,1,1
60018205,_27,2013,0.0,1,0
60018205,_28,2015,0.0,1,0
60018205,_30,2012,0.0,1,0
60018205,_31,2016,0.0,1,0
60018273,_25,2012,0.0,2,0
60018273,_31,2016,0.0,1,0
60018308,_13,2016,0.0,2,0
60018308,_15,2013,0.0,1,0
60018308,_16,2012,0.0,1,0
60018308,_17,2013,0.0,1,0
60018308,_21,2013,0.0,2,0
60018308,_22,2012,0.0,2,0
60018308,_23,2013,1.0,1,1
60018308,_24,2017,0.0,1,0
60018308,_25,2011,0.0,1,0
60018308,_27,2015,1.0,1,1
60018308,_31,2012,0.6666666666666666,3,0
60018310,_13,2015,0.0,1,0
60018310,_27,2011,0.0,1,0
60018465,_17,2013,1.0,1,1
60018486,_22,2013,1.0,1,1
60018486,_28,2016,0.0,1,0
60018540,_26,2017,0.0,1,0
60018554,_16,2015,0.0,1,0
60018614,_10,2013,0.0,2,0
60018614,_27,2015,0.0,1,0
60018704,_13,2012,0.0,1,0
60018704,_27,2012,0.0,1,0
60018910,_11,2012,0.0,1,0
60018910,_13,2012,0.0,1,0
60018910,_16,2013,0.0,1,0
60018910,_22,2015,0.0,1,0
60019118,_10,2012,0.0,1,0
60019118,_11,2012,0.0,1,0
60019118,_13,2011,0.0,1,0
60019118,_15,2015,0.0,1,0
60019118,_16,2011,0.0,3,0
60019118,_17,2012,0.5,2,0
60019118,_18,2012,0.0,1,0
60019118,_19,2011,0.0,4,0
60019118,_22,2011,0.5,2,0
60019118,_23,2012,0.0,1,0
60019118,_24,2017,0.0,1,0
60019118,_25,2011,0.0,1,0
60019118,_26,2012,0.0,1,0
60019118,_27,2011,1.0,1,1
60019118,_28,2012,0.0,1,0
60019118,_30,2015,1.0,1,1
60019118,_31,2011,0.0,3,0
60019118,_36,2012,1.0,1,1
60019496,_16,2016,0.0,1,0
60019499,_11,2017,0.0,1,0
60019499,_13,2015,0.0,1,0
60019499,_15,2017,1.0,1,1
60019499,_16,2016,0.0,1,0
60019499,_17,2012,0.0,1,0
60019499,_19,2015,0.0,1,0
60019499,_22,2012,0.0,1,0
60019499,_23,2012,0.0,1,0
60019499,_24,2012,1.0,1,1
60019499,_25,2015,0.0,1,0
60019499,_31,2013,1.0,1,1
60019533,_12,2013,1.0,1,1
60019533,_13,2013,0.0,1,0
60019533,_15,2017,0.0,1,0
60019533,_16,2013,0.0,2,0
60019533,_17,2016,0.0,1,0
60019533,_19,2013,0.0,1,0
60019533,_21,2015,0.0,1,0
60019533,_22,2012,0.0,1,0
60019533,_23,2015,0.0,1,0
60019533,_24,2013,0.0,1,0
60019533,_25,2012,0.0,1,0
60019533,_27,2017,0.0,1,0
60019533,_31,2012,0.0,1,0
60019616,_15,2016,0.0,1,0
60019616,_16,2015,0.0,1,0
60019616,_17,2012,0.0,1,0
60019616,_21,2015,0.0,1,0
60019616,_22,2011,0.0,1,0
60019616,_25,2011,0.0,1,0
60019616,_26,2016,0.0,1,0
60019616,_31,2011,0.0,1,0
60019706,_10,2017,1.0,1,1
60019706,_13,2015,1.0,1,1
60019706,_16,2011,0.0,1,0
60019706,_31,2015,0.0,1,0
60020044,_25,2012,0.0,1,0
60020256,_26,2017,0.0,1,0
60020258,_10,2016,0.0,1,0
60020258,_19,2017,0.0,1,0
60020258,_24,2017,0.0,1,0
60020258,_26,2016,0.0,1,0
60020620,_26,2013,0.0,1,0
60020675,_25,2015,0.0,1,0
60020675,_31,2016,0.0,1,0
60020745,_13,2013,0.0,1,0
60020745,_19,2017,0.0,1,0
60020745,_22,2017,0.0,1,0
60020745,_25,2016,0.0,1,0
60020745,_31,2015,0.0,1,0
60020870,_13,2012,0.0,1,0
60020870,_27,2015,0.0,1,0
60020880,_16,2017,0.0,1,0
60020880,_17,2013,0.0,1,0
60020880,_25,2013,0.0,1,0
60021016,_19,2012,0.0,2,0
60021016,_22,2013,0.0,1,0
60021016,_24,2015,0.0,1,0
60021170,_22,2012,0.0,1,0
60021170,_25,2015,0.0,1,0
60021170,_27,2013,0.0,1,0
60021170,_31,2012,0.0,1,0
60021182,_10,2013,0.0,1,0
60021182,_11,2012,0.0,1,0
60021182,_13,2012,0.0,1,0
60021182,_15,2017,0.0,1,0
60021182,_16,2012,0.0,1,0
60021182,_17,2015,0.0,2,0
60021182,_19,2015,0.5,2,0
60021182,_21,2017,0.0,1,0
60021182,_22,2015,0.0,1,0
60021182,_23,2015,0.0,1,0
60021182,_24,2015,0.0,1,0
60021182,_25,2012,0.0,1,0
60021182,_27,2015,0.0,4,0
60021182,_28,2016,1.0,1,1
60021182,_31,2013,0.0,1,0
60021182,_33,2013,0.0,1,0
60021182,_35,2015,0.0,1,0
60021200,_13,2015,0.0,1,0
60021200,_15,2015,0.0,1,0
60021200,_16,2016,0.0,1,0
60021200,_17,2015,0.0,1,0
60021200,_19,2017,0.0,1,0
60021200,_22,2016,0.0,1,0
60021200,_23,2015,0.0,1,0
60021200,_25,2015,0.0,1,0
60021200,_26,2015,0.0,1,0
60021200,_31,2013,0.0,2,0
60021227,_22,2013,0.0,1,0
60021227,_23,2011,0.0,1,0
60021449,_13,2015,0.0,1,0
60021449,_25,2013,0.0,1,0
60021449,_31,2012,0.0,2,0
60021474,_28,2015,1.0,1,1
60021615,_15,2012,0.0,1,0
60021666,_16,2015,0.0,1,0
60021666,_17,2017,0.0,1,0
60021666,_22,2012,1.0,1,1
60021666,_31,2017,0.0,2,0
60021836,_11,2011,0.0,1,0
60021836,_13,2015,1.0,1,1
60021843,_13,2012,0.0,1,0
60021843,_16,2015,0.0,1,0
60021843,_25,2017,0.0,1,0
60022281,_16,2011,0.0,1,0
60022281,_22,2012,1.0,1,1
60022345,_16,2017,1.0,1,1
60022381,_22,2015,0.5,2,0
60022381,_25,2016,0.0,1,0
60022381,_26,2016,0.0,1,0
60022381,_27,2011,0.0,1,0
60022414,_16,2016,0.0,1,0
60022414,_17,2017,1.0,1,1
60022414,_22,2011,0.0,1,0
60022414,_24,2017,0.0,1,0
60022414,_25,2013,0.0,1,0
60022422,_11,2015,0.0,1,0
60022422,_16,2011,0.0,1,0
60022422,_19,2017,0.0,2,0
60022598,_11,2012,0.0,1,0
60022598,_13,2012,0.0,1,0
60022598,_19,2013,1.0,1,1
60023237,_10,2015,1.0,1,1
60023237,_11,2017,0.5,2,0
60023237,_13,2012,0.0,1,0
60023237,_16,2011,1.0,1,1
60023237,_17,2016,0.0,1,0
60023237,_19,2011,0.0,1,0
60023237,_23,2012,0.0,2,0
60023237,_25,2012,0.0,1,0
60023237,_28,2011,0.0,1,0
60023237,_31,2016,0.0,2,0
60023277,_17,2011,0.0,2,0
60023277,_31,2012,0.0,1,0
60023380,_13,2013,0.0,1,0
60023380,_19,2017,0.0,1,0
60023380,_21,2013,0.0,1,0
60023380,_22,2011,1.0,1,1
60023380,_25,2012,1.0,1,1
60023380,_26,2012,0.0,1,0
60023380,_31,2013,0.0,1,0
60023380,_33,2015,1.0,1,1
60023797,_24,2012,0.0,1,0
60023797,_28,2012,0.0,1,0
60023813,_22,2017,0.0,1,0
60023813,_25,2013,0.0,1,0
60023813,_27,2016,0.0,1,0
60023813,_31,2016,0.0,1,0
60023813,_33,2017,0.0,1,0
60024045,_11,2015,0.0,1,0
60024045,_13,2015,0.0,1,0
60024045,_27,2017,0.0,1,0
60024542,_11,2015,0.0,1,0
60024542,_13,2017,0.0,2,0
60024542,_16,2012,0.0,1,0
60024542,_17,2016,0.0,1,0
60024542,_22,2012,0.0,1,0
60024542,_23,2015,0.0,1,0
60024542,_25,2013,0.0,1,0
60024542,_27,2016,1.0,1,1
60024542,_31,2017,0.0,1,0
60025084,_10,2013,0.0,1,0
60025084,_11,2013,0.0,3,0
60025084,_13,2012,0.0,1,0
60025084,_15,2016,0.0,1,0
60025084,_16,2012,0.0,2,0
60025084,_17,2012,0.0,1,0
60025084,_19,2017,0.0,3,0
60025084,_20,2017,0.0,1,0
60025084,_22,2011,0.0,1,0
60025084,_23,2012,0.0,1,0
60025084,_24,2013,0.0,2,0
60025084,_25,2012,0.0,1,0
60025084,_26,2011,1.0,1,1
60025084,_27,2012,0.0,1,0
60025084,_28,2012,0.0,1,0
60025084,_31,2011,0.0,2,0
60025084,_36,2017,1.0,1,1
60025234,_13,2017,1.0,1,1
60025256,_26,2015,0.0,1,0
60025278,_10,2011,0.0,1,0
60025278,_11,2015,0.0,2,0
60025278,_13,2011,0.0,1,0
60025278,_14,2017,1.0,1,1
60025278,_15,2012,0.0,2,0
60025278,_16,2011,1.0,1,1
60025278,_17,2011,0.0,1,0
60025278,_19,2012,0.0,2,0
60025278,_21,2011,0.0,1,0
60025278,_22,2011,0.0,2,0
60025278,_23,2015,0.0,3,0
60025278,_24,2013,0.0,2,0
60025278,_25,2011,0.0,3,0
60025278,_26,2012,0.0,1,0
60025278,_27,2013,0.5,2,0
60025278,_31,2011,0.0,3,0
60025278,_33,2015,0.0,1,0
60025278,_36,2012,0.0,1,0
60025441,_16,2011,0.0,1,0
60025441,_22,2017,1.0,1,1
60025441,_25,2013,0.0,1,0
60025441,_31,2013,0.0,1,0
60025578,_11,2017,0.0,1,0
60025578,_13,2015,0.0,1,0
60025578,_16,2016,0.0,1,0
60025578,_17,2013,0.0,1,0
60025578,_22,2011,0.0,1,0
60025578,_25,2013,0.0,1,0
60025578,_27,2015,0.0,1,0
60025665,_16,2015,0.0,1,0
60025665,_23,2017,0.0,2,0
60025761,_10,2013,0.0,2,0
60025761,_13,2011,1.0,1,1
60025761,_15,2013,0.0,1,0
60025761,_16,2011,0.0,1,0
60025761,_17,2012,0.0,2,0
60025761,_19,2013,0.0,1,0
60025761,_20,2013,0.0,1,0
60025761,_21,2015,1.0,1,1
60025761,_22,2012,0.3333333333333333,3,0
60025761,_24,2016,1.0,1,1
60025761,_25,2011,0.0,1,0
60025761,_26,2016,0.0,1,0
60025761,_27,2012,0.0,1,0
60025761,_29,2015,0.0,1,0
60025761,_31,2012,0.0,1,0
60025761,_33,2016,0.0,1,0
60026282,_16,2017,0.0,2,0
60026282,_22,2015,0.0,1,0
60026282,_23,2013,0.0,1,0
60026311,_16,2015,0.0,2,0
60026601,_16,2012,0.0,1,0
60026601,_17,2015,1.0,1,1
60026601,_22,2015,0.0,1,0
60026601,_25,2017,0.5,2,0
60026601,_31,2011,0.0,1,0
60026707,_13,2013,0.0,1,0
60026852,_11,2012,0.0,1,0
60026981,_23,2017,0.0,1,0
60027021,_17,2012,0.0,1,0
60027021,_22,2016,0.0,1,0
60027021,_31,2017,0.0,1,0
60027257,_11,2012,0.0,1,0
60027277,_19,2015,0.0,1,0
60027277,_23,2017,0.0,1,0
60027363,_17,2017,0.0,1,0
60027363,_19,2013,0.0,1,0
60027363,_22,2017,0.0,1,0
60027363,_23,2013,0.0,2,0
60027363,_25,2017,0.0,1,0
60027363,_31,2017,0.0,3,0
60027416,_13,2012,0.5,2,0
60027416,_15,2017,0.0,1,0
60027416,_16,2016,0.0,1,0
60027416,_26,2016,0.0,1,0
60027416,_27,2012,0.0,1,0
60027470,_15,2015,1.0,1,1
60027470,_16,2013,0.0,2,0
60027470,_22,2015,0.0,1,0
60027470,_23,2017,1.0,1,1
60027470,_25,2015,0.0,1,0
60027470,_27,2013,0.0,1,0
60027631,_16,2017,0.0,1,0
60027631,_26,2013,0.0,1,0
60027631,_31,2012,0.0,1,0
60027799,_22,2011,0.0,1,0
60027799,_31,2017,0.0,1,0
60028009,_11,2015,0.0,1,0
60028009,_13,2017,0.0,1,0
60028009,_25,2016,0.0,1,0
60028265,_16,2015,0.5,2,0
60028265,_17,2017,0.0,1,0
60028265,_22,2017,0.0,1,0
60028797,_15,2016,0.0,1,0
60028891,_22,2017,0.0,1,0
60028965,_19,2016,0.0,1,0
60029242,_10,2013,0.0,1,0
60029242,_13,2013,0.0,4,0
60029242,_15,2017,0.0,1,0
60029242,_16,2011,0.0,1,0
60029242,_17,2013,0.0,1,0
60029242,_19,2012,0.0,1,0
60029242,_27,2013,0.0,1,0
60029242,_28,2015,0.0,1,0
60029242,_31,2017,0.0,1,0
60029306,_10,2016,1.0,1,1
60029306,_11,2015,0.0,1,0
60029306,_13,2012,0.0,1,0
60029306,_14,2017,0.0,1,0
60029306,_15,2015,0.0,1,0
60029306,_16,2012,1.0,1,1
60029306,_17,2013,0.0,1,0
60029306,_19,2013,0.0,2,0
60029306,_21,2017,0.0,3,0
60029306,_22,2013,0.25,4,0
60029306,_23,2015,0.0,1,0
60029306,_24,2013,0.0,1,0
60029306,_25,2015,0.0,2,0
60029306,_26,2015,0.0,1,0
60029306,_27,2015,1.0,1,1
60029306,_28,2017,1.0,1,1
60029306,_31,2015,0.0,1,0
60029306,_33,2012,1.0,1,1
60029380,_16,2017,0.0,1,0
60029386,_11,2016,0.0,1,0
60029608,_10,2012,0.0,1,0
60029608,_11,2015,0.0,1,0
60029608,_13,2012,0.0,2,0
60029608,_16,2015,0.0,1,0
60029925,_31,2015,0.0,1,0
60030270,_24,2013,1.0,1,1
60030270,_26,2017,0.0,1,0
60030434,_27,2017,0.0,1,0
60030904,_17,2012,0.0,1,0
60031031,_11,2012,0.0,1,0
60031031,_13,2015,0.0,1,0
60031031,_16,2013,0.0,1,0
60031031,_17,2015,0.0,1,0
60031031,_19,2012,1.0,1,1
60031031,_21,2017,0.0,1,0
60031031,_22,2011,0.0,1,0
60031031,_23,2017,0.0,2,0
60031031,_24,2017,0.0,1,0
60031031,_25,2015,1.0,1,1
60031031,_31,2013,0.0,1,0
60031031,_33,2011,0.0,1,0
60031041,_10,2016,0.0,1,0
60031041,_11,2015,0.0,1,0
60031041,_13,2017,0.0,1,0
60031041,_17,2015,0.0,1,0
60031041,_23,2017,0.0,1,0
60031150,_11,2016,0.0,1,0
60031150,_23,2013,0.0,1,0
60031454,_25,2017,0.0,1,0
60031863,_13,2015,0.0,1,0
60031863,_16,2017,0.0,1,0
60031863,_22,2013,0.5,2,0
60031863,_24,2013,0.0,1,0
60031863,_25,2016,0.0,1,0
60031863,_31,2017,0.0,1,0
60032168,_31,2017,0.0,2,0
60032203,_11,2015,0.0,1,0
60032203,_13,2012,1.0,1,1
60032203,_23,2017,0.0,1,0
60032203,_27,2015,0.0,1,0
60032275,_16,2013,1.0,1,1
60032356,_16,2013,0.0,1,0
60032356,_17,2012,0.3333333333333333,3,0
60032356,_19,2017,0.0,1,0
60032356,_21,2017,1.0,1,1
60032356,_22,2011,0.0,1,0
60032356,_25,2017,0.2,5,0
60032356,_31,2012,1.0,1,1
60032389,_25,2017,0.0,1,0
60032744,_17,2017,0.0,2,0
60032955,_11,2013,0.0,2,0
60032955,_13,2013,0.0,1,0
60032955,_24,2013,0.0,1,0
60032955,_31,2015,1.0,1,1
60033100,_10,2017,1.0,1,1
60033100,_11,2015,0.0,1,0
60033100,_13,2013,0.0,1,0
60033100,_15,2015,0.0,1,0
60033100,_16,2011,0.0,1,0
60033100,_17,2011,0.0,1,0
60033100,_19,2012,0.0,2,0
60033100,_22,2013,0.0,1,0
60033100,_23,2012,0.0,1,0
60033100,_24,2012,0.0,1,0
60033100,_25,2011,0.0,3,0
60033100,_26,2017,0.0,1,0
60033100,_27,2017,0.5,2,0
60033100,_31,2012,0.0,3,0
60049819,_16,2017,0.0,1,0
60057642,_22,2013,0.0,1,0
60061261,_19,2013,0.0,1,0
60064143,_19,2016,0.0,3,0
60064143,_23,2015,0.0,1,0
60069706,_22,2016,0.5,2,0
60069717,_10,2015,0.0,1,0
60069717,_13,2012,1.0,1,1
60069717,_27,2013,0.0,1,0
60069721,_10,2017,0.0,1,0
60069721,_16,2013,0.0,1,0
60069721,_22,2013,0.0,1,0
60069721,_25,2012,0.0,1,0
60069721,_26,2015,1.0,2,1
60069721,_31,2011,0.0,1,0
60073460,_15,2012,0.0,1,0
60073460,_19,2016,1.0,1,1
60073460,_31,2016,0.0,1,0
60073473,_13,2016,1.0,1,1
60073473,_16,2015,0.0,1,0
60073473,_17,2013,0.0,1,0
60073473,_25,2012,0.0,1,0
60073518,_26,2017,0.0,1,0
60073652,_10,2017,0.0,1,0
60073652,_11,2012,0.0,1,0
60073652,_13,2012,0.0,1,0
60073652,_14,2011,1.0,1,1
60073652,_15,2013,0.0,1,0
60073652,_16,2011,0.0,1,0
60073652,_17,2011,1.0,1,1
60073652,_18,2017,0.0,1,0
60073652,_19,2013,0.0,1,0
60073652,_22,2011,1.0,1,1
60073652,_23,2013,0.0,1,0
60073652,_24,2017,0.0,1,0
60073652,_25,2012,0.0,2,0
60073652,_26,2015,0.0,1,0
60073652,_27,2017,0.0,1,0
60073652,_28,2012,1.0,1,1
60073652,_31,2012,0.0,1,0
60073652,_35,2017,0.0,1,0
60073673,_16,2016,0.0,1,0
60082199,_16,2013,0.0,1,0
60083514,_11,2013,0.0,1,0
60088459,_11,2013,0.0,1,0
60088459,_13,2011,0.0,1,0
60088459,_16,2017,0.0,1,0
60088459,_24,2012,0.0,1,0
60089949,_26,2017,1.0,1,1
60102070,_16,2015,1.0,1,1
60102083,_10,2013,1.0,1,1
60102083,_16,2011,1.0,1,1
60102083,_19,2017,0.0,1,0
60102083,_22,2017,0.0,1,0
60102083,_24,2013,0.0,1,0
60102083,_25,2012,1.0,1,1
60102083,_26,2012,1.0,1,1
60102083,_27,2011,0.0,1,0
60102083,_31,2012,1.0,1,1
60103519,_22,2013,0.0,1,0
60103970,_11,2012,0.0,1,0
60104686,_13,2012,0.0,1,0
60104686,_16,2013,0.0,1,0
60104686,_25,2013,0.5,2,0
60104686,_26,2013,1.0,1,1
60104686,_31,2013,0.25,4,0
60105085,_24,2015,0.0,1,0
60105085,_25,2017,0.0,1,0
60105111,_19,2017,0.0,1,0
60105111,_22,2017,0.0,1,0
60105111,_25,2017,0.0,1,0
60105232,_10,2016,0.0,1,0
60105232,_13,2013,0.0,1,0
60105232,_16,2015,0.25,4,0
60105232,_17,2015,0.0,1,0
60105232,_22,2015,0.0,1,0
60105232,_25,2015,0.0,2,0
60105232,_31,2015,0.5,2,0
60105683,_11,2017,0.0,2,0
60105683,_13,2012,1.0,1,1
60105683,_15,2016,0.0,1,0
60105683,_16,2012,0.0,3,0
60105683,_17,2012,0.0,1,0
60105683,_19,2017,0.0,2,0
60105683,_22,2012,0.0,3,0
60105683,_23,2017,0.0,2,0
60105683,_24,2013,1.0,1,1
60105683,_25,2012,0.0,1,0
60105683,_26,2017,0.0,2,0
60105683,_31,2013,0.0,1,0
60108609,_16,2013,0.5,2,0
60108865,_17,2015,1.0,1,1
60108865,_22,2016,0.0,3,0
60108865,_25,2017,1.0,1,1
60113416,_22,2015,1.0,1,1
60113424,_32,2017,0.0,1,0
60117367,_13,2012,0.0,1,0
60117367,_15,2015,0.0,1,0
60117367,_16,2013,0.0,1,0
60117367,_17,2017,0.0,1,0
60117387,_16,2013,0.0,1,0
60117387,_17,2012,0.0,1,0
60117387,_19,2012,0.0,1,0
60117387,_25,2012,0.0,1,0
60117387,_31,2012,0.0,1,0
60117396,_16,2011,0.0,1,0
60117396,_22,2013,1.0,1,1
60117396,_25,2011,0.0,1,0
60117396,_31,2012,0.5,2,0
60117397,_25,2017,0.0,1,0
60117406,_23,2012,0.0,1,0
60117660,_10,2017,1.0,1,1
60117660,_13,2017,0.0,4,0
60117660,_31,2017,0.0,2,0
60122052,_13,2017,0.0,2,0
60122052,_14,2017,0.0,1,0
60122052,_22,2015,0.0,2,0
60122052,_25,2012,1.0,1,1
60122052,_26,2012,1.0,1,1
60122781,_13,2012,1.0,1,1
60122781,_16,2015,0.0,1,0
60122781,_24,2015,0.0,1,0
60122781,_26,2015,1.0,1,1
60122781,_27,2013,0.0,3,0
60122781,_28,2015,0.0,1,0
118033717,_23,2017,0.0,1,0
120075110,_11,2017,0.0,1,0
120075110,_24,2015,0.0,1,0
120075110,_27,2015,0.0,1,0
